               epoch,      train/box_loss,      train/obj_loss,      train/cls_loss,   metrics/precision,      metrics/recall,     metrics/mAP_0.5,metrics/mAP_0.5:0.95,        val/box_loss,        val/obj_loss,        val/cls_loss,               x/lr0,               x/lr1,               x/lr2
                   0,             0.11163,            0.020938,                   0,           0.0053996,            0.018939,          0.00095309,          0.00022683,            0.084071,            0.020084,                   0,             0.00076,             0.00076,             0.09316
                   1,            0.073409,            0.019538,                   0,              0.4696,             0.45455,             0.35732,            0.095916,            0.058558,            0.016428,                   0,             0.00153,             0.00153,             0.08623
                   2,            0.066657,            0.013326,                   0,             0.50544,             0.55303,             0.44152,             0.10583,            0.053827,            0.013022,                   0,           0.0022998,           0.0022998,              0.0793
                   3,             0.06148,            0.011688,                   0,             0.69448,             0.61133,             0.60884,             0.21313,            0.051398,            0.012329,                   0,           0.0030693,           0.0030693,            0.072369
                   4,            0.056851,            0.011423,                   0,             0.76016,             0.68561,             0.71545,             0.24081,            0.046029,            0.011732,                   0,           0.0038385,           0.0038385,            0.065438
                   5,            0.053216,            0.010062,                   0,             0.87592,             0.72348,             0.80606,             0.31168,             0.04463,            0.010622,                   0,           0.0046072,           0.0046072,            0.058507
                   6,            0.055167,           0.0098164,                   0,             0.83119,             0.76466,             0.80678,             0.31934,            0.045482,            0.010665,                   0,           0.0053752,           0.0053752,            0.051575
                   7,             0.05415,           0.0094136,                   0,             0.72421,             0.74599,             0.70944,             0.28361,            0.048421,           0.0099625,                   0,           0.0061426,           0.0061426,            0.044643
                   8,            0.052969,           0.0091868,                   0,             0.83934,             0.69318,             0.75298,             0.29544,             0.04375,            0.010645,                   0,           0.0069091,           0.0069091,            0.037709
                   9,             0.05142,           0.0089113,                   0,             0.87409,             0.73864,             0.80761,              0.3427,            0.041889,           0.0092437,                   0,           0.0076746,           0.0076746,            0.030775
                  10,            0.052819,           0.0082746,                   0,             0.89287,             0.76136,             0.82153,             0.28849,            0.045862,           0.0084796,                   0,           0.0084391,           0.0084391,            0.023839
                  11,            0.051581,           0.0084454,                   0,             0.82986,             0.77595,             0.85836,              0.3375,            0.044869,           0.0087065,                   0,           0.0092025,           0.0092025,            0.016902
                  12,            0.049894,           0.0081235,                   0,             0.85704,             0.75758,             0.80426,             0.34358,            0.041155,           0.0092032,                   0,           0.0099645,           0.0099645,           0.0099645
                  13,            0.049259,           0.0075601,                   0,             0.87439,             0.79167,             0.84463,             0.38164,            0.040373,           0.0078291,                   0,           0.0099645,           0.0099645,           0.0099645
                  14,            0.048639,           0.0077475,                   0,             0.83233,             0.77273,              0.8234,             0.33924,            0.041734,           0.0078304,                   0,           0.0099584,           0.0099584,           0.0099584
                  15,            0.046398,           0.0071988,                   0,              0.7482,             0.79911,             0.76075,             0.34164,            0.040004,           0.0085797,                   0,           0.0099517,           0.0099517,           0.0099517
                  16,            0.044583,           0.0074064,                   0,             0.86962,             0.70833,             0.81147,             0.33458,            0.037912,           0.0077615,                   0,           0.0099446,           0.0099446,           0.0099446
                  17,            0.042585,           0.0071337,                   0,               0.786,              0.7803,             0.81269,             0.34477,            0.039126,           0.0083071,                   0,            0.009937,            0.009937,            0.009937
                  18,            0.041569,           0.0068798,                   0,             0.84371,             0.81796,             0.86296,             0.40918,            0.037116,           0.0072488,                   0,           0.0099289,           0.0099289,           0.0099289
                  19,            0.042177,           0.0067115,                   0,             0.85052,             0.84091,             0.88596,             0.41339,            0.036637,           0.0076711,                   0,           0.0099203,           0.0099203,           0.0099203
                  20,            0.041889,           0.0066721,                   0,             0.83691,             0.73862,             0.81084,             0.34557,            0.036738,           0.0075444,                   0,           0.0099112,           0.0099112,           0.0099112
                  21,            0.041516,           0.0068818,                   0,             0.93602,             0.77589,             0.85877,             0.41787,            0.037873,           0.0070566,                   0,           0.0099017,           0.0099017,           0.0099017
                  22,            0.040376,           0.0066685,                   0,             0.91461,             0.85203,             0.90194,             0.42329,            0.036679,           0.0069316,                   0,           0.0098916,           0.0098916,           0.0098916
                  23,            0.039738,           0.0068146,                   0,             0.90209,              0.8027,             0.87141,             0.39682,            0.037606,           0.0070092,                   0,           0.0098811,           0.0098811,           0.0098811
                  24,            0.038583,           0.0066488,                   0,             0.92452,             0.92795,             0.94544,             0.45047,            0.034023,           0.0065684,                   0,           0.0098701,           0.0098701,           0.0098701
                  25,            0.038443,           0.0064045,                   0,             0.92856,             0.83698,             0.88482,             0.41282,            0.034904,           0.0069555,                   0,           0.0098586,           0.0098586,           0.0098586
                  26,            0.037704,           0.0063432,                   0,             0.92062,             0.89015,              0.9254,             0.42727,            0.034539,           0.0065778,                   0,           0.0098467,           0.0098467,           0.0098467
                  27,            0.038076,            0.006468,                   0,             0.91199,             0.86742,             0.90689,             0.43512,            0.034993,           0.0065153,                   0,           0.0098342,           0.0098342,           0.0098342
                  28,            0.038381,           0.0063701,                   0,             0.92632,             0.90488,             0.92898,             0.46447,            0.038703,           0.0064908,                   0,           0.0098213,           0.0098213,           0.0098213
                  29,            0.037549,           0.0062407,                   0,             0.90215,             0.90797,             0.91492,             0.44463,            0.033072,           0.0067091,                   0,           0.0098079,           0.0098079,           0.0098079
                  30,            0.036874,           0.0061855,                   0,             0.87405,             0.92045,             0.90343,             0.40515,            0.037705,           0.0065523,                   0,           0.0097941,           0.0097941,           0.0097941
                  31,            0.036199,           0.0064613,                   0,             0.89666,             0.92045,             0.92689,             0.44245,            0.035307,           0.0064321,                   0,           0.0097798,           0.0097798,           0.0097798
                  32,            0.037695,           0.0061492,                   0,             0.89496,              0.9053,             0.91745,             0.44703,            0.036219,           0.0063928,                   0,            0.009765,            0.009765,            0.009765
                  33,            0.035458,           0.0062371,                   0,             0.91012,             0.88221,             0.91436,             0.44128,            0.032489,           0.0069593,                   0,           0.0097497,           0.0097497,           0.0097497
                  34,            0.035715,           0.0060938,                   0,              0.8701,             0.76118,             0.77919,             0.34715,            0.039872,           0.0069513,                   0,            0.009734,            0.009734,            0.009734
                  35,            0.035389,           0.0061383,                   0,             0.91142,             0.89773,             0.92108,             0.47345,            0.032586,           0.0063494,                   0,           0.0097178,           0.0097178,           0.0097178
                  36,            0.035749,           0.0061945,                   0,             0.87849,             0.93182,             0.92903,             0.45267,            0.034419,           0.0061553,                   0,           0.0097011,           0.0097011,           0.0097011
                  37,             0.03645,           0.0061652,                   0,             0.90667,             0.91999,             0.93326,             0.45525,            0.032781,           0.0063062,                   0,            0.009684,            0.009684,            0.009684
                  38,             0.03488,           0.0058201,                   0,              0.9141,             0.92803,             0.95482,             0.47438,             0.03218,           0.0064299,                   0,           0.0096664,           0.0096664,           0.0096664
                  39,            0.035793,           0.0064816,                   0,              0.9347,             0.92424,             0.94871,             0.48311,            0.033354,           0.0061651,                   0,           0.0096484,           0.0096484,           0.0096484
                  40,            0.035641,           0.0060205,                   0,             0.93191,             0.94318,             0.96148,             0.47513,             0.03192,            0.006169,                   0,           0.0096299,           0.0096299,           0.0096299
                  41,            0.035496,           0.0062825,                   0,             0.90624,             0.87872,             0.90766,              0.4298,            0.031393,           0.0068016,                   0,            0.009611,            0.009611,            0.009611
                  42,            0.033456,           0.0058016,                   0,             0.93846,             0.92424,             0.95248,             0.48966,            0.030069,           0.0061494,                   0,           0.0095916,           0.0095916,           0.0095916
                  43,            0.033883,           0.0060315,                   0,             0.92129,             0.93109,             0.94313,             0.48219,             0.03168,           0.0060439,                   0,           0.0095717,           0.0095717,           0.0095717
                  44,            0.033824,           0.0057529,                   0,             0.92045,             0.92045,             0.94229,             0.48515,                0.03,           0.0062199,                   0,           0.0095514,           0.0095514,           0.0095514
                  45,            0.033942,           0.0059693,                   0,              0.9164,             0.91667,             0.93863,             0.45953,            0.030391,           0.0063035,                   0,           0.0095307,           0.0095307,           0.0095307
                  46,            0.034528,           0.0058558,                   0,             0.93435,             0.86742,             0.89601,              0.4451,            0.030537,            0.006424,                   0,           0.0095095,           0.0095095,           0.0095095
                  47,            0.033317,           0.0058742,                   0,             0.92369,             0.87117,             0.89875,             0.45919,            0.030756,           0.0063995,                   0,           0.0094879,           0.0094879,           0.0094879
                  48,            0.034224,           0.0057133,                   0,             0.92371,             0.78409,             0.83901,             0.40984,             0.03303,           0.0066924,                   0,           0.0094659,           0.0094659,           0.0094659
                  49,            0.034456,           0.0059166,                   0,             0.93257,             0.94318,             0.95148,             0.48236,            0.032914,           0.0061542,                   0,           0.0094434,           0.0094434,           0.0094434
                  50,            0.033968,           0.0054915,                   0,              0.9531,             0.92364,              0.9507,             0.47399,            0.033092,           0.0059649,                   0,           0.0094205,           0.0094205,           0.0094205
                  51,            0.034061,           0.0058355,                   0,             0.92193,              0.9393,             0.96195,             0.48508,            0.030072,           0.0060228,                   0,           0.0093971,           0.0093971,           0.0093971
                  52,            0.032769,           0.0055577,                   0,             0.97138,             0.91667,             0.96225,             0.49218,            0.032719,           0.0060333,                   0,           0.0093733,           0.0093733,           0.0093733
                  53,            0.032844,           0.0057098,                   0,              0.9343,             0.91667,             0.92749,             0.46685,            0.030638,           0.0062483,                   0,           0.0093491,           0.0093491,           0.0093491
                  54,            0.033736,           0.0058659,                   0,             0.93357,             0.95826,             0.96032,             0.47475,            0.032399,           0.0058779,                   0,           0.0093245,           0.0093245,           0.0093245
                  55,            0.033247,           0.0057707,                   0,             0.94012,             0.95833,             0.96222,             0.48951,             0.03035,           0.0061396,                   0,           0.0092995,           0.0092995,           0.0092995
                  56,            0.032317,           0.0056594,                   0,             0.93575,             0.93939,             0.94444,             0.47341,            0.031554,           0.0061502,                   0,            0.009274,            0.009274,            0.009274
                  57,            0.033267,           0.0056403,                   0,             0.94959,             0.92754,             0.95785,              0.4855,             0.03306,           0.0059785,                   0,           0.0092481,           0.0092481,           0.0092481
                  58,            0.032685,           0.0057436,                   0,             0.91034,             0.88636,             0.92125,             0.43497,              0.0336,           0.0062431,                   0,           0.0092219,           0.0092219,           0.0092219
                  59,             0.03254,            0.005656,                   0,             0.91587,             0.95076,              0.9444,             0.48992,            0.030405,           0.0059296,                   0,           0.0091952,           0.0091952,           0.0091952
                  60,            0.032307,           0.0057043,                   0,              0.9343,             0.96963,              0.9759,             0.50885,             0.03182,           0.0057774,                   0,           0.0091681,           0.0091681,           0.0091681
                  61,            0.032262,           0.0054638,                   0,             0.91111,             0.89394,             0.92641,             0.46866,            0.028875,           0.0058639,                   0,           0.0091406,           0.0091406,           0.0091406
                  62,            0.032791,           0.0055204,                   0,             0.94776,             0.96208,             0.97244,             0.47828,            0.029778,           0.0059788,                   0,           0.0091127,           0.0091127,           0.0091127
                  63,            0.032154,           0.0058554,                   0,             0.95489,             0.96212,             0.97194,             0.49856,            0.029214,           0.0057404,                   0,           0.0090844,           0.0090844,           0.0090844
                  64,             0.03155,           0.0055345,                   0,             0.96212,             0.96209,               0.975,             0.51064,            0.028871,           0.0056977,                   0,           0.0090557,           0.0090557,           0.0090557
                  65,            0.032583,           0.0055924,                   0,             0.94984,             0.93939,             0.96053,             0.50078,            0.029405,           0.0058646,                   0,           0.0090266,           0.0090266,           0.0090266
                  66,            0.031812,           0.0054892,                   0,             0.96226,             0.96585,             0.97724,             0.50041,            0.029555,           0.0056984,                   0,           0.0089972,           0.0089972,           0.0089972
                  67,            0.031843,           0.0056005,                   0,             0.95386,             0.94697,             0.96382,             0.48769,             0.03027,           0.0060826,                   0,           0.0089673,           0.0089673,           0.0089673
                  68,            0.032161,           0.0056281,                   0,             0.95203,             0.97723,             0.98385,             0.50929,            0.029178,            0.005661,                   0,           0.0089371,           0.0089371,           0.0089371
                  69,            0.030539,           0.0052785,                   0,              0.9368,             0.95449,             0.96204,             0.50438,            0.028852,           0.0057192,                   0,           0.0089065,           0.0089065,           0.0089065
                  70,            0.032009,            0.005491,                   0,              0.9533,             0.92787,             0.96229,             0.50382,            0.029698,           0.0057836,                   0,           0.0088755,           0.0088755,           0.0088755
                  71,            0.031233,           0.0057954,                   0,             0.92135,             0.93181,             0.93997,             0.48365,            0.029677,           0.0057038,                   0,           0.0088442,           0.0088442,           0.0088442
                  72,            0.031838,           0.0055037,                   0,             0.94795,             0.96581,             0.98072,             0.51392,            0.029029,           0.0057108,                   0,           0.0088124,           0.0088124,           0.0088124
                  73,            0.031942,           0.0054647,                   0,             0.92208,             0.89773,             0.91117,              0.4555,            0.032231,           0.0058031,                   0,           0.0087804,           0.0087804,           0.0087804
                  74,            0.031035,           0.0054464,                   0,             0.95105,             0.95833,             0.97054,             0.51706,            0.028897,            0.005778,                   0,           0.0087479,           0.0087479,           0.0087479
                  75,            0.031611,           0.0057828,                   0,             0.94674,             0.94318,             0.96616,             0.51574,            0.028165,           0.0058816,                   0,           0.0087151,           0.0087151,           0.0087151
                  76,            0.030985,           0.0055267,                   0,             0.94231,             0.92799,             0.94505,             0.49528,             0.03149,            0.005759,                   0,            0.008682,            0.008682,            0.008682
                  77,            0.031897,           0.0054026,                   0,             0.96138,             0.94697,             0.97206,             0.52162,            0.028662,           0.0057057,                   0,           0.0086485,           0.0086485,           0.0086485
                  78,            0.030184,           0.0055429,                   0,             0.94695,             0.94664,             0.95669,             0.49891,            0.029198,           0.0057349,                   0,           0.0086146,           0.0086146,           0.0086146
                  79,            0.030627,           0.0055816,                   0,             0.94069,             0.96212,             0.95696,             0.50368,            0.029094,           0.0056489,                   0,           0.0085805,           0.0085805,           0.0085805
                  80,            0.030651,           0.0054804,                   0,             0.91664,             0.95833,             0.95074,              0.4946,            0.029676,           0.0055697,                   0,           0.0085459,           0.0085459,           0.0085459
                  81,            0.030256,           0.0054697,                   0,             0.93749,             0.96591,              0.9692,              0.5172,            0.028269,           0.0055524,                   0,           0.0085111,           0.0085111,           0.0085111
                  82,            0.030714,           0.0053461,                   0,             0.95849,             0.96212,             0.97125,             0.50959,            0.030317,           0.0055938,                   0,           0.0084759,           0.0084759,           0.0084759
                  83,            0.030573,           0.0055196,                   0,             0.94737,              0.9545,             0.96481,              0.4926,            0.030008,           0.0056046,                   0,           0.0084404,           0.0084404,           0.0084404
                  84,            0.030772,           0.0054713,                   0,              0.9624,             0.96956,             0.97779,             0.51704,            0.028507,           0.0055592,                   0,           0.0084046,           0.0084046,           0.0084046
                  85,            0.030627,           0.0054481,                   0,             0.93771,              0.9697,             0.97681,              0.5115,            0.029728,            0.005601,                   0,           0.0083684,           0.0083684,           0.0083684
                  86,            0.030162,           0.0053539,                   0,             0.95572,             0.98106,             0.98259,             0.53803,            0.027625,            0.005478,                   0,           0.0083319,           0.0083319,           0.0083319
                  87,            0.030849,           0.0053779,                   0,             0.95407,             0.95833,             0.98063,             0.51492,            0.028974,           0.0055091,                   0,           0.0082952,           0.0082952,           0.0082952
                  88,            0.030554,           0.0052167,                   0,             0.95483,             0.96212,             0.97399,             0.52726,            0.027025,           0.0054857,                   0,           0.0082581,           0.0082581,           0.0082581
                  89,            0.030776,            0.005222,                   0,             0.96911,             0.95056,             0.97094,             0.52142,            0.029525,           0.0054939,                   0,           0.0082207,           0.0082207,           0.0082207
                  90,            0.029729,           0.0054418,                   0,             0.93536,              0.9318,             0.95561,             0.50786,            0.029854,           0.0056578,                   0,            0.008183,            0.008183,            0.008183
                  91,            0.029385,           0.0051304,                   0,             0.95129,             0.96166,             0.96898,             0.52451,            0.027846,           0.0054877,                   0,            0.008145,            0.008145,            0.008145
                  92,            0.029971,           0.0053329,                   0,              0.9758,             0.91639,             0.95209,             0.50483,            0.028698,            0.005559,                   0,           0.0081068,           0.0081068,           0.0081068
                  93,            0.029474,           0.0053164,                   0,             0.94788,             0.97348,             0.97622,             0.51964,            0.028141,           0.0055533,                   0,           0.0080682,           0.0080682,           0.0080682
                  94,            0.029728,           0.0052274,                   0,             0.95113,             0.95828,             0.97723,             0.51254,            0.029657,           0.0056606,                   0,           0.0080294,           0.0080294,           0.0080294
                  95,            0.030111,           0.0053829,                   0,             0.93676,             0.95455,             0.96339,             0.51639,            0.029105,           0.0055216,                   0,           0.0079903,           0.0079903,           0.0079903
                  96,            0.029605,           0.0052615,                   0,             0.97196,             0.92803,             0.96769,             0.51487,            0.029153,           0.0054407,                   0,           0.0079509,           0.0079509,           0.0079509
                  97,            0.029819,           0.0053925,                   0,             0.94156,             0.97727,             0.97867,              0.5234,            0.027592,           0.0054603,                   0,           0.0079112,           0.0079112,           0.0079112
                  98,            0.029395,           0.0054229,                   0,             0.94423,             0.96194,             0.96874,             0.49883,            0.028082,           0.0055142,                   0,           0.0078713,           0.0078713,           0.0078713
                  99,            0.029033,           0.0052447,                   0,             0.93796,             0.97347,             0.97904,             0.51977,            0.028619,           0.0054586,                   0,           0.0078311,           0.0078311,           0.0078311
                 100,            0.030121,           0.0052632,                   0,             0.94872,             0.98105,             0.98302,              0.5364,            0.027514,           0.0054489,                   0,           0.0077907,           0.0077907,           0.0077907
                 101,            0.029861,           0.0050763,                   0,              0.9349,             0.92803,             0.95149,             0.49558,            0.029648,           0.0054622,                   0,             0.00775,             0.00775,             0.00775
                 102,            0.029342,           0.0052915,                   0,             0.97598,             0.94318,             0.97226,             0.52135,            0.029039,           0.0054411,                   0,           0.0077091,           0.0077091,           0.0077091
                 103,            0.028963,           0.0051436,                   0,             0.92646,             0.95444,             0.95689,             0.51726,            0.028376,           0.0056053,                   0,           0.0076679,           0.0076679,           0.0076679
                 104,             0.02978,           0.0050943,                   0,             0.94871,             0.98106,             0.98276,             0.51273,            0.029764,           0.0054556,                   0,           0.0076265,           0.0076265,           0.0076265
                 105,            0.029063,            0.005296,                   0,             0.96969,             0.96934,             0.98347,             0.51763,            0.027415,           0.0054134,                   0,           0.0075848,           0.0075848,           0.0075848
                 106,            0.028416,           0.0051126,                   0,             0.93795,             0.97346,               0.978,             0.51863,            0.027989,            0.005375,                   0,            0.007543,            0.007543,            0.007543
                 107,            0.029014,           0.0051595,                   0,             0.94485,             0.97342,             0.97293,             0.53138,             0.02889,           0.0054184,                   0,           0.0075009,           0.0075009,           0.0075009
                 108,             0.02938,           0.0052978,                   0,             0.95486,             0.96212,             0.96607,             0.52914,             0.02709,           0.0054015,                   0,           0.0074585,           0.0074585,           0.0074585
                 109,            0.028211,           0.0052012,                   0,             0.95838,             0.96212,             0.98285,             0.52306,            0.028047,           0.0054009,                   0,            0.007416,            0.007416,            0.007416
                 110,            0.028584,           0.0051224,                   0,             0.94833,             0.97334,             0.97354,             0.52942,            0.028201,           0.0053671,                   0,           0.0073733,           0.0073733,           0.0073733
                 111,            0.029228,           0.0052521,                   0,             0.97727,             0.97723,             0.99239,             0.52445,            0.028106,            0.005355,                   0,           0.0073303,           0.0073303,           0.0073303
                 112,            0.029396,           0.0051705,                   0,             0.95505,             0.96579,              0.9779,             0.51532,            0.027979,           0.0053432,                   0,           0.0072872,           0.0072872,           0.0072872
                 113,            0.029229,           0.0051502,                   0,             0.96604,             0.96967,              0.9822,             0.50815,            0.028734,           0.0053518,                   0,           0.0072438,           0.0072438,           0.0072438
                 114,            0.028943,           0.0052611,                   0,              0.9375,             0.96591,             0.97085,             0.52228,            0.027555,           0.0053548,                   0,           0.0072003,           0.0072003,           0.0072003
                 115,            0.028489,            0.005186,                   0,             0.96949,             0.97348,             0.98117,             0.53365,            0.026807,           0.0052845,                   0,           0.0071566,           0.0071566,           0.0071566
                 116,            0.028965,           0.0050536,                   0,             0.96564,             0.95804,             0.98095,             0.53156,            0.027481,           0.0053288,                   0,           0.0071127,           0.0071127,           0.0071127
                 117,            0.029434,           0.0052043,                   0,             0.95505,              0.9697,             0.98102,             0.52621,            0.028356,           0.0052905,                   0,           0.0070686,           0.0070686,           0.0070686
                 118,            0.029213,             0.00503,                   0,             0.94815,             0.96969,               0.974,              0.5257,            0.028808,           0.0053337,                   0,           0.0070243,           0.0070243,           0.0070243
                 119,            0.029229,            0.005136,                   0,             0.92336,             0.95831,             0.95001,             0.50218,            0.029719,           0.0055679,                   0,           0.0069799,           0.0069799,           0.0069799
                 120,            0.029341,           0.0051238,                   0,             0.95076,             0.95072,             0.96132,             0.52712,             0.02753,           0.0055236,                   0,           0.0069353,           0.0069353,           0.0069353
                 121,              0.0291,            0.005228,                   0,             0.94869,             0.98106,             0.97993,             0.52783,            0.028171,           0.0053702,                   0,           0.0068906,           0.0068906,           0.0068906
                 122,            0.028651,           0.0050919,                   0,             0.94756,             0.95824,             0.96823,             0.53869,             0.02729,             0.00539,                   0,           0.0068457,           0.0068457,           0.0068457
                 123,            0.028458,           0.0050727,                   0,             0.93087,              0.9697,             0.96787,              0.5314,            0.027611,           0.0053419,                   0,           0.0068006,           0.0068006,           0.0068006
                 124,            0.028974,           0.0051304,                   0,             0.94514,             0.98106,             0.97881,             0.51815,            0.028121,           0.0053913,                   0,           0.0067555,           0.0067555,           0.0067555
                 125,             0.02816,           0.0051602,                   0,             0.94756,              0.9583,             0.96719,             0.51904,            0.027369,           0.0053068,                   0,           0.0067101,           0.0067101,           0.0067101
                 126,            0.028163,            0.004991,                   0,              0.9624,             0.96953,             0.97117,             0.52483,            0.027408,           0.0052859,                   0,           0.0066647,           0.0066647,           0.0066647
                 127,            0.026785,           0.0047763,                   0,             0.95855,             0.96591,              0.9692,             0.52868,            0.028476,           0.0052551,                   0,           0.0066191,           0.0066191,           0.0066191
                 128,            0.028117,            0.005157,                   0,             0.96264,             0.97727,             0.98382,             0.53069,            0.027356,            0.005332,                   0,           0.0065734,           0.0065734,           0.0065734
                 129,            0.028267,           0.0052285,                   0,             0.96946,              0.9697,             0.98461,             0.53611,            0.027656,           0.0052816,                   0,           0.0065276,           0.0065276,           0.0065276
                 130,            0.027925,           0.0050864,                   0,             0.94851,             0.97727,             0.97802,              0.5352,            0.027615,           0.0052344,                   0,           0.0064816,           0.0064816,           0.0064816
                 131,            0.027491,           0.0050172,                   0,              0.9624,             0.96941,             0.97792,             0.53178,            0.028675,            0.005224,                   0,           0.0064356,           0.0064356,           0.0064356
                 132,            0.028433,           0.0048328,                   0,             0.95493,             0.96591,             0.96814,             0.52387,            0.027266,           0.0052537,                   0,           0.0063895,           0.0063895,           0.0063895
                 133,            0.028762,           0.0050393,                   0,             0.96282,             0.98103,             0.98988,             0.54114,            0.027653,           0.0053011,                   0,           0.0063432,           0.0063432,           0.0063432
                 134,            0.027038,           0.0050315,                   0,             0.93609,             0.94315,             0.95216,              0.5302,            0.026538,            0.005301,                   0,           0.0062969,           0.0062969,           0.0062969
                 135,            0.027801,            0.005064,                   0,             0.95163,              0.9697,             0.98039,             0.54295,            0.026759,           0.0053278,                   0,           0.0062505,           0.0062505,           0.0062505
                 136,            0.027676,           0.0049995,                   0,             0.95695,             0.92803,               0.967,             0.52341,            0.026472,           0.0054023,                   0,            0.006204,            0.006204,            0.006204
                 137,            0.028507,            0.005182,                   0,             0.95203,             0.97726,             0.98068,              0.5172,            0.027498,           0.0054211,                   0,           0.0061574,           0.0061574,           0.0061574
                 138,            0.027931,           0.0048744,                   0,             0.96619,             0.97727,             0.98456,             0.52156,            0.027657,           0.0053389,                   0,           0.0061107,           0.0061107,           0.0061107
                 139,            0.027515,           0.0049693,                   0,             0.96236,              0.9697,             0.98121,             0.52186,            0.027321,           0.0053262,                   0,            0.006064,            0.006064,            0.006064
                 140,             0.02824,           0.0049525,                   0,             0.97324,             0.97348,             0.98446,             0.53487,            0.027326,           0.0053243,                   0,           0.0060172,           0.0060172,           0.0060172
                 141,            0.028224,           0.0051333,                   0,             0.96979,             0.97348,             0.98676,             0.52959,            0.027321,           0.0053002,                   0,           0.0059704,           0.0059704,           0.0059704
                 142,            0.027332,            0.005049,                   0,             0.96296,             0.98484,             0.98907,             0.54229,            0.027406,           0.0053305,                   0,           0.0059235,           0.0059235,           0.0059235
                 143,            0.027723,            0.004962,                   0,             0.97719,             0.97347,             0.98865,              0.5362,             0.02707,           0.0052913,                   0,           0.0058766,           0.0058766,           0.0058766
                 144,            0.026524,           0.0048063,                   0,             0.96969,              0.9696,             0.98179,             0.52171,            0.026709,           0.0052867,                   0,           0.0058296,           0.0058296,           0.0058296
                 145,            0.027507,           0.0050757,                   0,             0.96981,             0.97348,             0.98247,              0.5295,            0.026675,           0.0053642,                   0,           0.0057826,           0.0057826,           0.0057826
                 146,            0.027998,            0.005139,                   0,             0.97692,             0.97348,              0.9905,             0.54126,            0.027053,            0.005234,                   0,           0.0057355,           0.0057355,           0.0057355
                 147,            0.027419,           0.0050136,                   0,             0.96939,             0.96212,             0.97963,             0.53046,            0.027848,           0.0052448,                   0,           0.0056884,           0.0056884,           0.0056884
                 148,            0.027422,           0.0048573,                   0,             0.97318,             0.96203,             0.97899,             0.52718,            0.025515,           0.0052519,                   0,           0.0056413,           0.0056413,           0.0056413
                 149,            0.027656,           0.0049285,                   0,              0.9697,             0.96967,             0.98354,             0.54509,            0.026848,           0.0051788,                   0,           0.0055942,           0.0055942,           0.0055942
                 150,            0.026197,           0.0048936,                   0,             0.97718,             0.97319,             0.98455,             0.53556,             0.02568,           0.0051619,                   0,           0.0055471,           0.0055471,           0.0055471
                 151,            0.027291,           0.0049744,                   0,             0.95522,             0.96954,             0.97074,             0.52958,            0.028081,            0.005198,                   0,              0.0055,              0.0055,              0.0055
                 152,            0.027345,            0.004781,                   0,             0.96639,             0.98106,             0.98493,             0.53241,            0.027008,           0.0052252,                   0,           0.0054529,           0.0054529,           0.0054529
                 153,            0.027599,           0.0048161,                   0,             0.96952,             0.96591,             0.98015,             0.53732,             0.02693,           0.0052505,                   0,           0.0054058,           0.0054058,           0.0054058
                 154,            0.027818,           0.0047858,                   0,             0.97004,             0.98103,             0.98396,             0.53342,            0.026756,           0.0052361,                   0,           0.0053587,           0.0053587,           0.0053587
                 155,            0.026823,           0.0048452,                   0,             0.95539,             0.97343,             0.97413,             0.53601,            0.026458,           0.0051749,                   0,           0.0053116,           0.0053116,           0.0053116
                 156,            0.026568,           0.0048328,                   0,             0.97348,             0.97348,             0.98408,             0.55364,            0.025765,           0.0051675,                   0,           0.0052645,           0.0052645,           0.0052645
                 157,            0.026449,           0.0046214,                   0,             0.96667,              0.9886,             0.99087,             0.52872,            0.026373,           0.0052195,                   0,           0.0052174,           0.0052174,           0.0052174
                 158,            0.026193,           0.0047575,                   0,             0.97015,             0.98481,             0.98473,             0.53725,            0.026576,           0.0052175,                   0,           0.0051704,           0.0051704,           0.0051704
                 159,            0.026239,            0.004852,                   0,             0.96251,             0.97348,              0.9794,             0.53922,             0.02649,            0.005172,                   0,           0.0051234,           0.0051234,           0.0051234
                 160,            0.026614,           0.0049075,                   0,             0.95911,             0.97725,             0.98353,             0.53465,            0.026618,           0.0052379,                   0,           0.0050765,           0.0050765,           0.0050765
                 161,            0.027373,           0.0048118,                   0,              0.9628,             0.98106,             0.98522,             0.55593,            0.026216,           0.0051464,                   0,           0.0050296,           0.0050296,           0.0050296
                 162,            0.026076,           0.0047296,                   0,             0.95924,             0.98106,             0.98499,             0.54239,            0.026295,           0.0051679,                   0,           0.0049828,           0.0049828,           0.0049828
                 163,            0.026515,           0.0046751,                   0,             0.96642,             0.98106,             0.98559,             0.54801,            0.025892,            0.005159,                   0,            0.004936,            0.004936,            0.004936
                 164,            0.026837,           0.0047861,                   0,             0.96265,             0.98106,             0.98249,             0.54582,            0.025911,             0.00523,                   0,           0.0048893,           0.0048893,           0.0048893
                 165,            0.027232,           0.0047793,                   0,             0.96253,             0.97348,             0.98264,             0.53525,             0.02643,           0.0051956,                   0,           0.0048426,           0.0048426,           0.0048426
                 166,              0.0265,           0.0048376,                   0,             0.95911,             0.97727,             0.97887,             0.54962,            0.026036,           0.0051601,                   0,            0.004796,            0.004796,            0.004796
                 167,            0.025894,           0.0047492,                   0,             0.95538,             0.97348,             0.98389,             0.53331,            0.027107,           0.0052402,                   0,           0.0047495,           0.0047495,           0.0047495
                 168,            0.026505,           0.0047246,                   0,             0.96981,             0.97338,             0.98462,             0.53481,            0.026861,           0.0052638,                   0,           0.0047031,           0.0047031,           0.0047031
                 169,            0.025171,           0.0048548,                   0,             0.94775,             0.96212,             0.96686,             0.53661,            0.026834,           0.0052879,                   0,           0.0046568,           0.0046568,           0.0046568
                 170,            0.026249,           0.0047025,                   0,             0.94792,             0.96591,             0.96985,             0.53452,            0.026266,           0.0052441,                   0,           0.0046105,           0.0046105,           0.0046105
                 171,            0.025671,           0.0046181,                   0,             0.96267,             0.97727,             0.98358,             0.54358,            0.025812,           0.0052106,                   0,           0.0045644,           0.0045644,           0.0045644
                 172,            0.026394,           0.0048359,                   0,             0.94695,             0.94697,             0.96246,             0.53212,            0.026536,           0.0052859,                   0,           0.0045184,           0.0045184,           0.0045184
                 173,            0.026085,           0.0046673,                   0,             0.96198,             0.95828,              0.9722,             0.53586,             0.02632,            0.005219,                   0,           0.0044724,           0.0044724,           0.0044724
                 174,            0.026455,           0.0046352,                   0,             0.96956,             0.96591,             0.98009,             0.53069,            0.026266,            0.005222,                   0,           0.0044266,           0.0044266,           0.0044266
                 175,            0.025699,           0.0049126,                   0,             0.97719,             0.97343,              0.9842,             0.54273,            0.025775,           0.0051833,                   0,           0.0043809,           0.0043809,           0.0043809
                 176,            0.024673,           0.0047014,                   0,              0.9771,             0.96969,             0.98334,             0.54124,            0.026735,            0.005119,                   0,           0.0043353,           0.0043353,           0.0043353
                 177,            0.025569,           0.0046844,                   0,             0.96576,             0.96212,             0.97582,             0.53892,            0.026646,           0.0051606,                   0,           0.0042899,           0.0042899,           0.0042899
                 178,            0.025397,           0.0046154,                   0,             0.96255,             0.97347,              0.9814,             0.54452,            0.026668,           0.0052316,                   0,           0.0042445,           0.0042445,           0.0042445
                 179,            0.025303,           0.0047597,                   0,             0.95489,             0.96211,             0.96588,             0.54925,            0.026052,           0.0051533,                   0,           0.0041994,           0.0041994,           0.0041994
                 180,            0.025783,           0.0050096,                   0,             0.95891,             0.97348,              0.9808,             0.54898,            0.025428,           0.0051427,                   0,           0.0041543,           0.0041543,           0.0041543
                 181,            0.025823,           0.0048504,                   0,             0.96226,              0.9659,             0.97541,             0.53468,            0.027285,            0.005216,                   0,           0.0041094,           0.0041094,           0.0041094
                 182,            0.025265,            0.004694,                   0,             0.96268,             0.97714,             0.98235,             0.54141,            0.026246,           0.0051766,                   0,           0.0040647,           0.0040647,           0.0040647
                 183,            0.025214,           0.0046072,                   0,              0.9555,             0.97727,             0.98268,             0.55191,            0.025689,           0.0050725,                   0,           0.0040201,           0.0040201,           0.0040201
                 184,            0.026054,           0.0046212,                   0,             0.95185,             0.97348,             0.97542,             0.54727,             0.02599,            0.005082,                   0,           0.0039757,           0.0039757,           0.0039757
                 185,            0.025978,           0.0048194,                   0,             0.96225,             0.96562,             0.98242,             0.53523,            0.027469,           0.0051443,                   0,           0.0039314,           0.0039314,           0.0039314
                 186,            0.025315,              0.0049,                   0,             0.96269,             0.97727,             0.98182,             0.53746,            0.027051,           0.0050881,                   0,           0.0038873,           0.0038873,           0.0038873
                 187,            0.024955,           0.0047228,                   0,             0.95522,             0.96967,             0.97376,             0.55126,            0.026309,           0.0051043,                   0,           0.0038434,           0.0038434,           0.0038434
                 188,            0.025507,           0.0045104,                   0,             0.96282,             0.98106,             0.98464,             0.54181,             0.02601,           0.0050938,                   0,           0.0037997,           0.0037997,           0.0037997
                 189,            0.025215,           0.0048037,                   0,             0.94815,             0.96969,              0.9717,             0.53875,            0.026338,           0.0051508,                   0,           0.0037562,           0.0037562,           0.0037562
                 190,            0.025097,           0.0046605,                   0,             0.95876,              0.9697,             0.97228,             0.53994,            0.026059,           0.0051653,                   0,           0.0037128,           0.0037128,           0.0037128
                 191,            0.025354,           0.0047156,                   0,             0.96629,             0.97722,             0.98031,             0.53914,            0.026382,           0.0051527,                   0,           0.0036697,           0.0036697,           0.0036697
                 192,            0.024205,           0.0045938,                   0,             0.95506,             0.96589,             0.97015,             0.54785,            0.026026,           0.0051648,                   0,           0.0036267,           0.0036267,           0.0036267
                 193,            0.025074,           0.0048371,                   0,             0.96641,             0.98106,             0.98413,             0.54449,            0.025587,           0.0051133,                   0,            0.003584,            0.003584,            0.003584
                 194,            0.025117,           0.0045196,                   0,             0.96642,             0.98103,             0.98475,             0.55477,            0.025912,            0.005188,                   0,           0.0035415,           0.0035415,           0.0035415
                 195,            0.024755,           0.0045944,                   0,             0.96276,             0.98106,             0.98447,             0.55792,            0.025465,           0.0051851,                   0,           0.0034991,           0.0034991,           0.0034991
                 196,            0.024597,           0.0046341,                   0,             0.96642,             0.98106,             0.98477,             0.54337,            0.025682,           0.0051741,                   0,            0.003457,            0.003457,            0.003457
                 197,            0.025864,           0.0050439,                   0,             0.96642,             0.98104,             0.98481,             0.53499,            0.025515,           0.0051733,                   0,           0.0034152,           0.0034152,           0.0034152
                 198,            0.023839,           0.0044876,                   0,             0.96642,             0.98105,             0.98431,             0.54651,            0.025705,           0.0051016,                   0,           0.0033735,           0.0033735,           0.0033735
                 199,            0.024401,           0.0045376,                   0,             0.96642,             0.98105,             0.98392,             0.54725,            0.025929,           0.0051212,                   0,           0.0033321,           0.0033321,           0.0033321
                 200,            0.025037,           0.0046521,                   0,             0.95166,              0.9697,             0.97309,             0.55084,            0.026438,           0.0051548,                   0,           0.0032909,           0.0032909,           0.0032909
                 201,            0.024102,           0.0046256,                   0,             0.96991,             0.97727,             0.98515,             0.54445,            0.025983,           0.0051356,                   0,             0.00325,             0.00325,             0.00325
                 202,            0.024573,            0.004526,                   0,             0.95895,             0.97345,             0.97619,             0.53416,            0.026751,           0.0051392,                   0,           0.0032093,           0.0032093,           0.0032093
                 203,            0.025073,            0.004599,                   0,             0.97718,             0.97312,               0.985,             0.55451,            0.026724,           0.0050735,                   0,           0.0031689,           0.0031689,           0.0031689
                 204,            0.024535,           0.0044832,                   0,             0.96641,             0.98106,             0.98415,             0.55368,            0.025329,           0.0051154,                   0,           0.0031287,           0.0031287,           0.0031287
                 205,            0.023876,            0.004648,                   0,             0.95859,             0.96591,             0.97256,             0.54091,             0.02578,           0.0051541,                   0,           0.0030888,           0.0030888,           0.0030888
                 206,            0.024808,           0.0044929,                   0,             0.96992,             0.97726,             0.98475,             0.55618,            0.024961,           0.0050624,                   0,           0.0030491,           0.0030491,           0.0030491
                 207,            0.024526,           0.0044636,                   0,             0.96642,             0.98106,             0.98446,             0.55545,            0.025568,           0.0051436,                   0,           0.0030097,           0.0030097,           0.0030097
                 208,            0.024557,           0.0045735,                   0,             0.96269,             0.97726,             0.98258,             0.55764,            0.025245,           0.0051224,                   0,           0.0029706,           0.0029706,           0.0029706
                 209,            0.024001,           0.0046541,                   0,             0.96269,             0.97727,             0.98252,              0.5559,            0.024699,            0.005053,                   0,           0.0029318,           0.0029318,           0.0029318
                 210,             0.02462,           0.0047167,                   0,             0.96642,             0.98106,             0.98485,              0.5561,            0.025721,           0.0050325,                   0,           0.0028932,           0.0028932,           0.0028932
                 211,            0.023942,           0.0045235,                   0,             0.97004,             0.98104,             0.98506,             0.55154,            0.025739,           0.0050429,                   0,            0.002855,            0.002855,            0.002855
                 212,            0.024306,           0.0045868,                   0,              0.9697,             0.96969,             0.98108,             0.54723,            0.026088,           0.0051383,                   0,            0.002817,            0.002817,            0.002817
                 213,            0.023919,           0.0044952,                   0,              0.9628,             0.98106,             0.98505,             0.54967,            0.026141,           0.0051195,                   0,           0.0027793,           0.0027793,           0.0027793
                 214,            0.024946,           0.0046165,                   0,             0.96268,             0.97727,             0.98202,             0.54355,            0.025849,            0.005119,                   0,           0.0027419,           0.0027419,           0.0027419
                 215,            0.024424,           0.0046685,                   0,             0.96641,             0.98106,             0.98471,             0.54726,            0.026224,           0.0051249,                   0,           0.0027048,           0.0027048,           0.0027048
                 216,            0.023841,            0.004558,                   0,             0.97003,             0.98106,              0.9846,             0.54931,            0.026031,           0.0051283,                   0,           0.0026681,           0.0026681,           0.0026681
                 217,            0.023505,           0.0044876,                   0,             0.97003,             0.98106,             0.98507,             0.54792,            0.026176,            0.005145,                   0,           0.0026316,           0.0026316,           0.0026316
                 218,            0.024142,            0.004652,                   0,             0.96979,             0.98106,             0.98507,             0.55099,            0.025804,           0.0051011,                   0,           0.0025954,           0.0025954,           0.0025954
                 219,            0.024168,            0.004526,                   0,             0.96641,             0.98096,             0.98506,             0.54645,            0.025853,            0.005119,                   0,           0.0025596,           0.0025596,           0.0025596
                 220,             0.02355,           0.0046022,                   0,             0.96988,             0.97727,             0.98514,             0.54662,            0.026099,           0.0051205,                   0,           0.0025241,           0.0025241,           0.0025241
                 221,            0.024333,           0.0045158,                   0,             0.96629,             0.97723,             0.98067,             0.55126,            0.025777,           0.0051255,                   0,           0.0024889,           0.0024889,           0.0024889
                 222,            0.024284,           0.0046208,                   0,             0.97015,             0.98485,             0.98579,             0.55952,            0.025773,           0.0050892,                   0,           0.0024541,           0.0024541,           0.0024541
                 223,              0.0238,           0.0045585,                   0,             0.96255,             0.97346,             0.97512,             0.54505,            0.026238,           0.0051236,                   0,           0.0024195,           0.0024195,           0.0024195
                 224,            0.024469,           0.0045599,                   0,             0.95889,             0.97348,             0.97614,              0.5467,            0.025992,            0.005154,                   0,           0.0023854,           0.0023854,           0.0023854
                 225,            0.024142,           0.0043428,                   0,             0.95895,             0.97348,             0.97599,             0.53993,            0.026229,           0.0051446,                   0,           0.0023515,           0.0023515,           0.0023515
                 226,            0.024213,           0.0045691,                   0,             0.96269,             0.97725,             0.98247,             0.54811,            0.025872,           0.0051182,                   0,            0.002318,            0.002318,            0.002318
                 227,            0.023602,           0.0044056,                   0,             0.96641,             0.98106,             0.98453,              0.5465,            0.025957,           0.0051022,                   0,           0.0022849,           0.0022849,           0.0022849
                 228,            0.023176,            0.004396,                   0,             0.97015,             0.98483,             0.98599,             0.55176,            0.025241,           0.0050472,                   0,           0.0022521,           0.0022521,           0.0022521
                 229,            0.023375,           0.0046451,                   0,             0.97004,             0.98106,             0.98535,             0.54879,             0.02506,           0.0050684,                   0,           0.0022196,           0.0022196,           0.0022196
                 230,            0.024152,           0.0045501,                   0,             0.97003,             0.98106,             0.98509,             0.55139,            0.025939,           0.0050936,                   0,           0.0021876,           0.0021876,           0.0021876
                 231,            0.023702,           0.0046414,                   0,             0.96641,             0.98106,             0.98504,             0.55627,            0.025797,           0.0051141,                   0,           0.0021558,           0.0021558,           0.0021558
                 232,            0.023084,           0.0045268,                   0,             0.96998,             0.98106,             0.98503,             0.54571,            0.026315,           0.0051582,                   0,           0.0021245,           0.0021245,           0.0021245
                 233,             0.02352,           0.0046356,                   0,             0.97014,             0.98485,             0.98613,             0.54682,            0.026104,           0.0051117,                   0,           0.0020935,           0.0020935,           0.0020935
                 234,            0.024124,           0.0045214,                   0,              0.9664,             0.98106,             0.98516,             0.54864,            0.025687,           0.0050913,                   0,           0.0020629,           0.0020629,           0.0020629
                 235,            0.023429,           0.0044687,                   0,             0.97014,             0.98485,             0.98629,             0.55313,            0.025584,           0.0050447,                   0,           0.0020327,           0.0020327,           0.0020327
                 236,            0.022977,            0.004572,                   0,             0.98053,              0.9697,             0.98541,             0.54405,            0.026378,           0.0050722,                   0,           0.0020028,           0.0020028,           0.0020028
                 237,            0.024145,            0.004561,                   0,             0.98454,             0.97348,             0.98649,             0.54318,            0.026019,           0.0050926,                   0,           0.0019734,           0.0019734,           0.0019734
                 238,             0.02294,           0.0045025,                   0,             0.98076,             0.97348,             0.98555,             0.54759,            0.025649,           0.0051228,                   0,           0.0019443,           0.0019443,           0.0019443
                 239,            0.023906,           0.0046288,                   0,             0.98093,             0.98485,             0.99086,              0.5445,            0.026135,           0.0051049,                   0,           0.0019156,           0.0019156,           0.0019156
                 240,            0.022949,           0.0047073,                   0,             0.97358,             0.97725,             0.98508,             0.54394,            0.026229,           0.0051236,                   0,           0.0018873,           0.0018873,           0.0018873
                 241,            0.023008,           0.0045904,                   0,             0.97013,             0.98485,             0.98646,             0.54339,            0.026042,           0.0051231,                   0,           0.0018594,           0.0018594,           0.0018594
                 242,            0.022683,           0.0042718,                   0,             0.97014,             0.98485,             0.98656,             0.54258,            0.026253,           0.0051381,                   0,           0.0018319,           0.0018319,           0.0018319
                 243,             0.02348,           0.0043234,                   0,             0.97378,             0.98481,             0.98664,             0.55131,            0.025178,           0.0050809,                   0,           0.0018048,           0.0018048,           0.0018048
                 244,            0.023305,           0.0045822,                   0,             0.97378,             0.98481,             0.98645,             0.55135,            0.025598,            0.005087,                   0,           0.0017781,           0.0017781,           0.0017781
                 245,            0.023326,           0.0043078,                   0,             0.96629,             0.97727,             0.98192,             0.54176,            0.025884,           0.0051326,                   0,           0.0017519,           0.0017519,           0.0017519
                 246,            0.023071,            0.004508,                   0,             0.97387,             0.98864,             0.99233,             0.54868,            0.025639,           0.0050953,                   0,            0.001726,            0.001726,            0.001726
                 247,            0.022467,           0.0044808,                   0,             0.97014,             0.98485,             0.98645,             0.54643,            0.025692,           0.0050819,                   0,           0.0017005,           0.0017005,           0.0017005
                 248,            0.022883,           0.0044965,                   0,             0.97355,             0.97727,             0.98496,             0.55016,            0.025983,           0.0050639,                   0,           0.0016755,           0.0016755,           0.0016755
                 249,            0.022699,           0.0043413,                   0,             0.97727,             0.97726,             0.98481,             0.54377,              0.0262,           0.0051099,                   0,           0.0016509,           0.0016509,           0.0016509
                 250,            0.022776,           0.0043912,                   0,             0.98473,             0.97718,             0.98658,             0.55519,            0.025648,           0.0050676,                   0,           0.0016267,           0.0016267,           0.0016267
                 251,            0.021937,           0.0042106,                   0,             0.97001,             0.98106,               0.985,             0.55247,            0.025904,           0.0050748,                   0,           0.0016029,           0.0016029,           0.0016029
                 252,             0.02198,           0.0043671,                   0,             0.97356,             0.97727,             0.98505,             0.55433,            0.025484,           0.0050771,                   0,           0.0015795,           0.0015795,           0.0015795
                 253,             0.02231,           0.0044709,                   0,             0.97348,             0.97317,             0.98276,             0.54877,            0.025689,           0.0050893,                   0,           0.0015566,           0.0015566,           0.0015566
                 254,            0.022293,           0.0043448,                   0,             0.97348,             0.97345,              0.9827,             0.53978,            0.025625,           0.0051124,                   0,           0.0015341,           0.0015341,           0.0015341
                 255,             0.02295,           0.0043366,                   0,             0.97716,             0.97348,             0.98487,             0.54553,            0.025631,            0.005097,                   0,           0.0015121,           0.0015121,           0.0015121
                 256,            0.022071,           0.0043497,                   0,             0.97015,             0.98485,              0.9864,              0.5441,             0.02591,           0.0050962,                   0,           0.0014905,           0.0014905,           0.0014905
                 257,            0.022731,           0.0046401,                   0,             0.96639,             0.98106,             0.98473,             0.54573,            0.026045,           0.0051211,                   0,           0.0014693,           0.0014693,           0.0014693
                 258,            0.022276,           0.0044191,                   0,              0.9664,             0.98106,              0.9847,             0.54967,             0.02583,           0.0050874,                   0,           0.0014486,           0.0014486,           0.0014486
                 259,            0.021815,           0.0045304,                   0,             0.96641,             0.98106,              0.9847,              0.5467,            0.025772,           0.0050767,                   0,           0.0014283,           0.0014283,           0.0014283
                 260,            0.022008,           0.0043188,                   0,             0.96642,             0.98106,             0.98467,             0.54463,            0.025669,           0.0050943,                   0,           0.0014084,           0.0014084,           0.0014084
                 261,            0.022497,           0.0043116,                   0,             0.96269,             0.97727,             0.98027,             0.54648,            0.025487,           0.0050762,                   0,            0.001389,            0.001389,            0.001389
                 262,            0.022285,           0.0045064,                   0,             0.96641,             0.98106,             0.98447,             0.54692,            0.025476,           0.0050706,                   0,           0.0013701,           0.0013701,           0.0013701
                 263,            0.022587,           0.0044572,                   0,             0.96642,             0.98104,             0.98446,             0.54582,            0.026005,           0.0050987,                   0,           0.0013516,           0.0013516,           0.0013516
                 264,             0.02263,           0.0043242,                   0,             0.96642,             0.98106,             0.98467,             0.54674,            0.025868,           0.0051369,                   0,           0.0013336,           0.0013336,           0.0013336
                 265,            0.022482,           0.0043286,                   0,             0.97358,             0.97701,             0.98531,             0.54869,            0.025685,            0.005155,                   0,            0.001316,            0.001316,            0.001316
                 266,            0.022378,           0.0044805,                   0,              0.9591,             0.97727,             0.98115,             0.54266,            0.025735,           0.0051466,                   0,           0.0012989,           0.0012989,           0.0012989
                 267,            0.022238,           0.0043979,                   0,             0.96642,             0.98105,             0.98464,             0.54755,            0.025843,           0.0051391,                   0,           0.0012822,           0.0012822,           0.0012822
                 268,            0.022028,           0.0043697,                   0,             0.96642,             0.98106,              0.9848,             0.55055,            0.025819,           0.0051344,                   0,            0.001266,            0.001266,            0.001266
                 269,            0.021826,           0.0045438,                   0,             0.96642,             0.98105,              0.9851,             0.54401,            0.026122,           0.0051279,                   0,           0.0012503,           0.0012503,           0.0012503
                 270,            0.021795,            0.004496,                   0,             0.96642,             0.98105,               0.985,              0.5426,            0.026274,           0.0051687,                   0,            0.001235,            0.001235,            0.001235
                 271,            0.021568,           0.0044473,                   0,             0.96642,             0.98103,             0.98507,             0.53966,            0.026086,           0.0051618,                   0,           0.0012202,           0.0012202,           0.0012202
                 272,            0.021759,           0.0045887,                   0,             0.96642,             0.98104,             0.98494,             0.54982,            0.025339,           0.0051721,                   0,           0.0012059,           0.0012059,           0.0012059
                 273,              0.0215,           0.0044654,                   0,             0.97015,             0.98484,             0.98649,             0.54698,            0.025837,            0.005204,                   0,           0.0011921,           0.0011921,           0.0011921
                 274,            0.022142,            0.004298,                   0,              0.9735,             0.97727,             0.98497,             0.54292,            0.025795,           0.0051794,                   0,           0.0011787,           0.0011787,           0.0011787
                 275,            0.022008,           0.0044058,                   0,             0.96981,             0.97342,             0.98055,              0.5466,            0.025912,           0.0051816,                   0,           0.0011658,           0.0011658,           0.0011658
                 276,            0.022127,           0.0045217,                   0,             0.96981,             0.97344,             0.98206,             0.54035,            0.025979,            0.005184,                   0,           0.0011533,           0.0011533,           0.0011533
                 277,            0.021677,           0.0043921,                   0,             0.96269,             0.97726,             0.98144,             0.55121,            0.026049,           0.0051466,                   0,           0.0011414,           0.0011414,           0.0011414
                 278,            0.021217,           0.0042998,                   0,             0.96598,              0.9697,             0.97577,             0.55248,            0.026159,           0.0051529,                   0,           0.0011299,           0.0011299,           0.0011299
                 279,            0.022153,           0.0042909,                   0,             0.96267,             0.97727,             0.98144,             0.54693,            0.026242,           0.0051487,                   0,           0.0011189,           0.0011189,           0.0011189
                 280,            0.021782,            0.004509,                   0,             0.97365,             0.98106,             0.98677,             0.55131,            0.025955,           0.0051349,                   0,           0.0011084,           0.0011084,           0.0011084
                 281,            0.021788,           0.0042642,                   0,             0.97014,             0.98485,             0.98685,             0.55013,             0.02581,           0.0051161,                   0,           0.0010983,           0.0010983,           0.0010983
                 282,             0.02142,           0.0045832,                   0,             0.97728,             0.98106,             0.98683,             0.54954,            0.025829,           0.0051299,                   0,           0.0010888,           0.0010888,           0.0010888
                 283,            0.021799,           0.0044357,                   0,             0.97727,             0.98106,             0.98678,             0.55125,            0.025917,           0.0051527,                   0,           0.0010797,           0.0010797,           0.0010797
                 284,            0.021946,           0.0045342,                   0,             0.97345,             0.97727,              0.9846,             0.55225,            0.026051,           0.0051218,                   0,           0.0010711,           0.0010711,           0.0010711
                 285,            0.022402,           0.0042946,                   0,             0.97368,             0.98098,              0.9865,             0.55091,              0.0263,           0.0051633,                   0,            0.001063,            0.001063,            0.001063
                 286,            0.021267,            0.004366,                   0,             0.97732,             0.98106,             0.98663,             0.55023,            0.025996,            0.005147,                   0,           0.0010554,           0.0010554,           0.0010554
                 287,            0.021494,           0.0043506,                   0,             0.96986,             0.97727,             0.98516,             0.55632,            0.025874,           0.0051101,                   0,           0.0010483,           0.0010483,           0.0010483
                 288,            0.021118,           0.0043298,                   0,             0.97354,             0.97727,             0.98531,             0.55434,            0.025863,           0.0051232,                   0,           0.0010416,           0.0010416,           0.0010416
                 289,            0.022163,           0.0044501,                   0,             0.97358,             0.97723,             0.98501,              0.5536,            0.025986,           0.0051552,                   0,           0.0010355,           0.0010355,           0.0010355
                 290,            0.021677,           0.0044528,                   0,             0.96629,             0.97726,             0.98155,             0.55336,            0.025962,           0.0051641,                   0,           0.0010298,           0.0010298,           0.0010298
                 291,            0.021898,           0.0045704,                   0,             0.97712,             0.98106,              0.9865,              0.5457,            0.025745,           0.0051418,                   0,           0.0010247,           0.0010247,           0.0010247
                 292,            0.021785,           0.0044516,                   0,             0.97358,             0.98106,             0.98643,             0.54723,            0.025623,           0.0051647,                   0,             0.00102,             0.00102,             0.00102
                 293,            0.021486,           0.0042857,                   0,             0.97013,             0.98485,              0.9865,              0.5467,            0.025923,           0.0051662,                   0,           0.0010158,           0.0010158,           0.0010158
                 294,            0.021034,           0.0043372,                   0,             0.97013,             0.98485,             0.98646,             0.54226,            0.026245,           0.0051766,                   0,           0.0010121,           0.0010121,           0.0010121
                 295,            0.022077,           0.0043648,                   0,             0.97013,             0.98485,             0.98638,             0.54529,            0.026351,           0.0051685,                   0,           0.0010089,           0.0010089,           0.0010089
                 296,            0.021691,           0.0043732,                   0,             0.97735,             0.98106,             0.98662,             0.54688,            0.026261,           0.0051637,                   0,           0.0010062,           0.0010062,           0.0010062
                 297,             0.02154,           0.0043838,                   0,             0.97374,             0.98485,             0.98639,             0.54612,            0.026051,           0.0051357,                   0,           0.0010039,           0.0010039,           0.0010039
                 298,            0.021192,           0.0043829,                   0,             0.97369,             0.98485,             0.98656,             0.54526,            0.026227,           0.0051748,                   0,           0.0010022,           0.0010022,           0.0010022
                 299,            0.021695,           0.0043743,                   0,                0.97,             0.98106,             0.98501,             0.54416,            0.026349,           0.0051819,                   0,            0.001001,            0.001001,            0.001001
